source_id,screen_id,name,source_type,requirement_refs,status,required_states,artifact_path,notes
"HASH-001","临床业务门户","clinical","EXPLICIT","FR-088;AC-088;SCR-069;FR-127;AC-127;GLOBAL-ROUTE-RULE","VERIFIED","default;loading;empty;partial;stale;offline;permission;session-expired;patient-switch;conflict;blocked;success;recovery","screens/clinical.png","临床工作域；A 临床可信蓝；中文标题/唯一一级激活/AI 入口/横向溢出已核查"
"HASH-002","登录、锁屏恢复与工作上下文","login-context","EXPLICIT","Prototype SPEC v0.13","VERIFIED","default;loading;empty;partial;stale;offline;permission;session-expired;patient-switch;conflict;blocked;success;recovery","screens/login-context.png","临床工作域；A 临床可信蓝；中文标题/唯一一级激活/AI 入口/横向溢出已核查"
"HASH-003","统一首页与任务中心","unified-home","EXPLICIT","Prototype SPEC v0.13","VERIFIED","default;loading;empty;partial;stale;offline;permission;session-expired;patient-switch;conflict;blocked;success;recovery","screens/unified-home.png","临床工作域；A 临床可信蓝；中文标题/唯一一级激活/AI 入口/横向溢出已核查"
"HASH-004","患者检索、匹配与登记","patient-registry","EXPLICIT","FR-004;AC-004;SCR-003;FR-006;AC-006","VERIFIED","default;loading;empty;partial;stale;offline;permission;session-expired;patient-switch;conflict;blocked;success;recovery","screens/patient-registry.png","临床工作域；A 临床可信蓝；中文标题/唯一一级激活/AI 入口/横向溢出已核查"
"HASH-005","重复患者合并与撤销","patient-merge","EXPLICIT","FR-005;AC-005;SCR-004","VERIFIED","default;loading;empty;partial;stale;offline;permission;session-expired;patient-switch;conflict;blocked;success;recovery","screens/patient-merge.png","临床工作域；A 临床可信蓝；中文标题/唯一一级激活/AI 入口/横向溢出已核查"
"HASH-006","患者临床时间线","patient-timeline","EXPLICIT","FR-007;AC-007;SCR-005;FR-037;AC-037","VERIFIED","default;loading;empty;partial;stale;offline;permission;session-expired;patient-switch;conflict;blocked;success;recovery","screens/patient-timeline.png","临床工作域；A 临床可信蓝；中文标题/唯一一级激活/AI 入口/横向溢出已核查"
"HASH-007","紧急访问与待核身份","emergency-access","EXPLICIT","FR-015;AC-015;SCR-006","VERIFIED","default;loading;empty;partial;stale;offline;permission;session-expired;patient-switch;conflict;blocked;success;recovery","screens/emergency-access.png","临床工作域；A 临床可信蓝；中文标题/唯一一级激活/AI 入口/横向溢出已核查"
"HASH-008","预约、挂号、分诊、叫号与留观","appointment-registration","EXPLICIT","FR-039;AC-039;SCR-011","VERIFIED","default;loading;empty;partial;stale;offline;permission;session-expired;patient-switch;conflict;blocked;success;recovery","screens/appointment-registration.png","临床工作域；A 临床可信蓝；中文标题/唯一一级激活/AI 入口/横向溢出已核查"
"HASH-009","入院、病区与床位管理","admission-bed","EXPLICIT","FR-021;AC-021;SCR-018","VERIFIED","default;loading;empty;partial;stale;offline;permission;session-expired;patient-switch;conflict;blocked;success;recovery","screens/admission-bed.png","临床工作域；A 临床可信蓝；中文标题/唯一一级激活/AI 入口/横向溢出已核查"
"HASH-010","门诊医生工作台","outpatient","EXPLICIT","FR-019;AC-019;SCR-012;FR-020;AC-020;FR-089;AC-089","VERIFIED","default;loading;empty;partial;stale;offline;permission;session-expired;patient-switch;conflict;blocked;success;recovery","screens/outpatient.png","临床工作域；A 临床可信蓝；中文标题/唯一一级激活/AI 入口/横向溢出已核查"
"HASH-011","门诊病历","opd-record","EXPLICIT","FR-128;AC-128;SCR-105","VERIFIED","default;loading;empty;partial;stale;offline;permission;session-expired;patient-switch;conflict;blocked;success;recovery","screens/opd-record.png","临床工作域；A 临床可信蓝；中文标题/唯一一级激活/AI 入口/横向溢出已核查"
"HASH-012","门诊诊断与问题清单","opd-diagnosis","EXPLICIT","FR-012;AC-012;SCR-015;FR-033;AC-033","VERIFIED","default;loading;empty;partial;stale;offline;permission;session-expired;patient-switch;conflict;blocked;success;recovery","screens/opd-diagnosis.png","临床工作域；A 临床可信蓝；中文标题/唯一一级激活/AI 入口/横向溢出已核查"
"HASH-013","门诊医嘱与处方","opd-orders","EXPLICIT","FR-013;AC-013;SCR-015;FR-034;AC-034","VERIFIED","default;loading;empty;partial;stale;offline;permission;session-expired;patient-switch;conflict;blocked;success;recovery","screens/opd-orders.png","临床工作域；A 临床可信蓝；中文标题/唯一一级激活/AI 入口/横向溢出已核查"
"HASH-014","门诊检查检验与结果","opd-results","EXPLICIT","FR-035;AC-035;SCR-016","VERIFIED","default;loading;empty;partial;stale;offline;permission;session-expired;patient-switch;conflict;blocked;success;recovery","screens/opd-results.png","临床工作域；A 临床可信蓝；中文标题/唯一一级激活/AI 入口/横向溢出已核查"
"HASH-015","门诊会诊、转诊与协同","opd-consult","EXPLICIT","Prototype SPEC v0.13","VERIFIED","default;loading;empty;partial;stale;offline;permission;session-expired;patient-switch;conflict;blocked;success;recovery","screens/opd-consult.png","临床工作域；A 临床可信蓝；中文标题/唯一一级激活/AI 入口/横向溢出已核查"
"HASH-016","门诊随访与终诊","opd-followup","EXPLICIT","Prototype SPEC v0.13","VERIFIED","default;loading;empty;partial;stale;offline;permission;session-expired;patient-switch;conflict;blocked;success;recovery","screens/opd-followup.png","临床工作域；A 临床可信蓝；中文标题/唯一一级激活/AI 入口/横向溢出已核查"
"HASH-017","急诊工作台","emergency","EXPLICIT","FR-091;AC-091;SCR-070","VERIFIED","default;loading;empty;partial;stale;offline;permission;session-expired;patient-switch;conflict;blocked;success;recovery","screens/emergency.png","临床工作域；A 临床可信蓝；中文标题/唯一一级激活/AI 入口/横向溢出已核查"
"HASH-018","急诊预检分诊与分区","er-triage","EXPLICIT","Prototype SPEC v0.13","VERIFIED","default;loading;empty;partial;stale;offline;permission;session-expired;patient-switch;conflict;blocked;success;recovery","screens/er-triage.png","临床工作域；A 临床可信蓝；中文标题/唯一一级激活/AI 入口/横向溢出已核查"
"HASH-019","急诊病历与抢救记录","er-record","EXPLICIT","Prototype SPEC v0.13","VERIFIED","default;loading;empty;partial;stale;offline;permission;session-expired;patient-switch;conflict;blocked;success;recovery","screens/er-record.png","临床工作域；A 临床可信蓝；中文标题/唯一一级激活/AI 入口/横向溢出已核查"
"HASH-020","急诊护理、输液与执行","er-nursing","EXPLICIT","Prototype SPEC v0.13","VERIFIED","default;loading;empty;partial;stale;offline;permission;session-expired;patient-switch;conflict;blocked;success;recovery","screens/er-nursing.png","临床工作域；A 临床可信蓝；中文标题/唯一一级激活/AI 入口/横向溢出已核查"
"HASH-021","急诊抢救留观与去向","er-observation","EXPLICIT","Prototype SPEC v0.13","VERIFIED","default;loading;empty;partial;stale;offline;permission;session-expired;patient-switch;conflict;blocked;success;recovery","screens/er-observation.png","临床工作域；A 临床可信蓝；中文标题/唯一一级激活/AI 入口/横向溢出已核查"
"HASH-022","急诊会诊、交接与转运","er-handoff","EXPLICIT","Prototype SPEC v0.13","VERIFIED","default;loading;empty;partial;stale;offline;permission;session-expired;patient-switch;conflict;blocked;success;recovery","screens/er-handoff.png","临床工作域；A 临床可信蓝；中文标题/唯一一级激活/AI 入口/横向溢出已核查"
"HASH-023","住院医生工作站","inpatient","EXPLICIT","FR-022;AC-022;SCR-019;FR-082;AC-082;SCR-065;FR-090;AC-090","VERIFIED","default;loading;empty;partial;stale;offline;permission;session-expired;patient-switch;conflict;blocked;success;recovery","screens/inpatient.png","临床工作域；A 临床可信蓝；中文标题/唯一一级激活/AI 入口/横向溢出已核查"
"HASH-024","住院患者总览","inpatient-overview","EXPLICIT","FR-083;AC-083;SCR-066","VERIFIED","default;loading;empty;partial;stale;offline;permission;session-expired;patient-switch;conflict;blocked;success;recovery","screens/inpatient-overview.png","临床工作域；A 临床可信蓝；中文标题/唯一一级激活/AI 入口/横向溢出已核查"
"HASH-025","住院病程与文书中心","inpatient-course","EXPLICIT","FR-084;AC-084;SCR-067","VERIFIED","default;loading;empty;partial;stale;offline;permission;session-expired;patient-switch;conflict;blocked;success;recovery","screens/inpatient-course.png","临床工作域；A 临床可信蓝；中文标题/唯一一级激活/AI 入口/横向溢出已核查"
"HASH-026","住院病历 · 专注编辑","inpatient-doc-editor","EXPLICIT","FR-085;AC-085;SCR-067","VERIFIED","default;loading;empty;partial;stale;offline;permission;session-expired;patient-switch;conflict;blocked;success;recovery","screens/inpatient-doc-editor.png","临床工作域；A 临床可信蓝；中文标题/唯一一级激活/AI 入口/横向溢出已核查"
"HASH-027","住院病历质控与分级审签","inpatient-doc-qc","EXPLICIT","FR-086;AC-086;SCR-067","VERIFIED","default;loading;empty;partial;stale;offline;permission;session-expired;patient-switch;conflict;blocked;success;recovery","screens/inpatient-doc-qc.png","临床工作域；A 临床可信蓝；中文标题/唯一一级激活/AI 入口/横向溢出已核查"
"HASH-028","住院文书版本与查房证据","inpatient-doc-versions","EXPLICIT","Prototype SPEC v0.13","VERIFIED","default;loading;empty;partial;stale;offline;permission;session-expired;patient-switch;conflict;blocked;success;recovery","screens/inpatient-doc-versions.png","临床工作域；A 临床可信蓝；中文标题/唯一一级激活/AI 入口/横向溢出已核查"
"HASH-029","住院医嘱与用药中心","ip-orders","EXPLICIT","Prototype SPEC v0.13","VERIFIED","default;loading;empty;partial;stale;offline;permission;session-expired;patient-switch;conflict;blocked;success;recovery","screens/ip-orders.png","临床工作域；A 临床可信蓝；中文标题/唯一一级激活/AI 入口/横向溢出已核查"
"HASH-030","住院检查检验与危急值","ip-results","EXPLICIT","Prototype SPEC v0.13","VERIFIED","default;loading;empty;partial;stale;offline;permission;session-expired;patient-switch;conflict;blocked;success;recovery","screens/ip-results.png","临床工作域；A 临床可信蓝；中文标题/唯一一级激活/AI 入口/横向溢出已核查"
"HASH-031","住院查房、会诊与协同","ip-consult","EXPLICIT","Prototype SPEC v0.13","VERIFIED","default;loading;empty;partial;stale;offline;permission;session-expired;patient-switch;conflict;blocked;success;recovery","screens/ip-consult.png","临床工作域；A 临床可信蓝；中文标题/唯一一级激活/AI 入口/横向溢出已核查"
"HASH-032","住院临床路径执行中心","ip-pathway","EXPLICIT","Prototype SPEC v0.13","VERIFIED","default;loading;empty;partial;stale;offline;permission;session-expired;patient-switch;conflict;blocked;success;recovery","screens/ip-pathway.png","临床工作域；A 临床可信蓝；中文标题/唯一一级激活/AI 入口/横向溢出已核查"
"HASH-033","出院病历与病案归档闭环","inpatient-discharge","EXPLICIT","FR-087;AC-087;SCR-068","VERIFIED","default;loading;empty;partial;stale;offline;permission;session-expired;patient-switch;conflict;blocked;success;recovery","screens/inpatient-discharge.png","临床工作域；A 临床可信蓝；中文标题/唯一一级激活/AI 入口/横向溢出已核查"
"HASH-034","心内科一病区 · 护理工作台","ward","EXPLICIT","FR-014;AC-014;SCR-020;FR-050;AC-050","VERIFIED","default;loading;empty;partial;stale;offline;permission;session-expired;patient-switch;conflict;blocked;success;recovery","screens/ward.png","临床工作域；A 临床可信蓝；中文标题/唯一一级激活/AI 入口/横向溢出已核查"
"HASH-035","全院病历中心","record","EXPLICIT","FR-098;AC-098;SCR-074","VERIFIED","default;loading;empty;autosaving;saved;offline;permission;concurrent-conflict;rule-blocked;signed;corrected;recovery","screens/record.png","病历与病案；A 临床可信蓝；中文标题/唯一一级激活/AI 入口/横向溢出已核查"
"HASH-036","门诊病历 · 专注编辑","record-editor","EXPLICIT","FR-009;AC-009;SCR-013;FR-032;AC-032;FR-060;AC-060;FR-099;AC-099;SCR-075","VERIFIED","default;loading;empty;autosaving;saved;offline;permission;concurrent-conflict;rule-blocked;signed;corrected;recovery","screens/record-editor.png","病历与病案；A 临床可信蓝；中文标题/唯一一级激活/AI 入口/横向溢出已核查"
"HASH-037","病历来源与证据中心","record-sources","EXPLICIT","FR-100;AC-100;SCR-076/077","VERIFIED","default;loading;empty;autosaving;saved;offline;permission;concurrent-conflict;rule-blocked;signed;corrected;recovery","screens/record-sources.png","病历与病案；A 临床可信蓝；中文标题/唯一一级激活/AI 入口/横向溢出已核查"
"HASH-038","病历质控与审签中心","record-qc","EXPLICIT","Prototype SPEC v0.13","VERIFIED","default;loading;empty;autosaving;saved;offline;permission;concurrent-conflict;rule-blocked;signed;corrected;recovery","screens/record-qc.png","病历与病案；A 临床可信蓝；中文标题/唯一一级激活/AI 入口/横向溢出已核查"
"HASH-039","病历签署确认","record-sign","EXPLICIT","FR-010;AC-010;SCR-014;FR-053;AC-053","VERIFIED","default;loading;empty;autosaving;saved;offline;permission;concurrent-conflict;rule-blocked;signed;corrected;recovery","screens/record-sign.png","病历与病案；A 临床可信蓝；中文标题/唯一一级激活/AI 入口/横向溢出已核查"
"HASH-040","病历版本与法律证据","record-versions","EXPLICIT","FR-011;AC-011;SCR-014;FR-101;AC-101;SCR-078","VERIFIED","default;loading;empty;autosaving;saved;offline;permission;concurrent-conflict;rule-blocked;signed;corrected;recovery","screens/record-versions.png","病历与病案；A 临床可信蓝；中文标题/唯一一级激活/AI 入口/横向溢出已核查"
"HASH-041","病历版本差异","record-diff","EXPLICIT","Prototype SPEC v0.13","VERIFIED","default;loading;empty;autosaving;saved;offline;permission;concurrent-conflict;rule-blocked;signed;corrected;recovery","screens/record-diff.png","病历与病案；A 临床可信蓝；中文标题/唯一一级激活/AI 入口/横向溢出已核查"
"HASH-042","LIS 检验报告调阅","lis-report","EXPLICIT","FR-103;AC-103;SCR-079/080","VERIFIED","default;loading;empty;autosaving;saved;offline;permission;concurrent-conflict;rule-blocked;signed;corrected;recovery","screens/lis-report.png","病历与病案；A 临床可信蓝；中文标题/唯一一级激活/AI 入口/横向溢出已核查"
"HASH-043","PACS 影像调阅","pacs-viewer","EXPLICIT","Prototype SPEC v0.13","VERIFIED","default;loading;empty;autosaving;saved;offline;permission;concurrent-conflict;rule-blocked;signed;corrected;recovery","screens/pacs-viewer.png","病历与病案；A 临床可信蓝；中文标题/唯一一级激活/AI 入口/横向溢出已核查"
"HASH-044","病案资产与共享文档中心","archive-assets","EXPLICIT","FR-018;AC-018;SCR-033;FR-094;AC-094;SCR-072","VERIFIED","default;loading;empty;autosaving;saved;offline;permission;concurrent-conflict;rule-blocked;signed;corrected;recovery","screens/archive-assets.png","病历与病案；A 临床可信蓝；中文标题/唯一一级激活/AI 入口/横向溢出已核查"
"HASH-045","病案目录与完整性","archive-catalog","EXPLICIT","FR-105;AC-105;SCR-085-087","VERIFIED","default;loading;empty;autosaving;saved;offline;permission;concurrent-conflict;rule-blocked;signed;corrected;recovery","screens/archive-catalog.png","病历与病案；A 临床可信蓝；中文标题/唯一一级激活/AI 入口/横向溢出已核查"
"HASH-046","纸质病历扫描与智能编目","archive-scan","EXPLICIT","Prototype SPEC v0.13","VERIFIED","default;loading;empty;autosaving;saved;offline;permission;concurrent-conflict;rule-blocked;signed;corrected;recovery","screens/archive-scan.png","病历与病案；A 临床可信蓝；中文标题/唯一一级激活/AI 入口/横向溢出已核查"
"HASH-047","病案完整性、签名与长期验真","archive-integrity","EXPLICIT","Prototype SPEC v0.13","VERIFIED","default;loading;empty;autosaving;saved;offline;permission;concurrent-conflict;rule-blocked;signed;corrected;recovery","screens/archive-integrity.png","病历与病案；A 临床可信蓝；中文标题/唯一一级激活/AI 入口/横向溢出已核查"
"HASH-048","病案借阅、复制与对外提供","archive-borrow","EXPLICIT","Prototype SPEC v0.13","VERIFIED","default;loading;empty;autosaving;saved;offline;permission;concurrent-conflict;rule-blocked;signed;corrected;recovery","screens/archive-borrow.png","病历与病案；A 临床可信蓝；中文标题/唯一一级激活/AI 入口/横向溢出已核查"
"HASH-049","病案长期保存与恢复验证","archive-preservation","EXPLICIT","Prototype SPEC v0.13","VERIFIED","default;loading;empty;autosaving;saved;offline;permission;concurrent-conflict;rule-blocked;signed;corrected;recovery","screens/archive-preservation.png","病历与病案；A 临床可信蓝；中文标题/唯一一级激活/AI 入口/横向溢出已核查"
"HASH-050","病案资产证据详情","asset-detail","EXPLICIT","Prototype SPEC v0.13","VERIFIED","default;loading;empty;autosaving;saved;offline;permission;concurrent-conflict;rule-blocked;signed;corrected;recovery","screens/asset-detail.png","病历与病案；A 临床可信蓝；中文标题/唯一一级激活/AI 入口/横向溢出已核查"
"HASH-051","诊疗执行中心","care-operations","EXPLICIT","Prototype SPEC v0.13","VERIFIED","default;loading;empty;partial;permission;offline;timeout;duplicate;verification;hard-block;success;compensation","screens/care-operations.png","诊疗执行；A 临床可信蓝；中文标题/唯一一级激活/AI 入口/横向溢出已核查"
"HASH-052","费用、收退费、预交与结算","billing","EXPLICIT","FR-040;AC-040;SCR-022","VERIFIED","default;loading;empty;partial;permission;offline;timeout;duplicate;verification;hard-block;success;compensation","screens/billing.png","诊疗执行；A 临床可信蓝；中文标题/唯一一级激活/AI 入口/横向溢出已核查"
"HASH-053","门诊药房审方与调剂","outpatient-pharmacy","EXPLICIT","FR-041;AC-041;SCR-023","VERIFIED","default;loading;empty;partial;permission;offline;timeout;duplicate;verification;hard-block;success;compensation","screens/outpatient-pharmacy.png","诊疗执行；A 临床可信蓝；中文标题/唯一一级激活/AI 入口/横向溢出已核查"
"HASH-054","住院药房、配液与床旁给药","inpatient-pharmacy","EXPLICIT","FR-042;AC-042;SCR-024","VERIFIED","default;loading;empty;partial;permission;offline;timeout;duplicate;verification;hard-block;success;compensation","screens/inpatient-pharmacy.png","诊疗执行；A 临床可信蓝；中文标题/唯一一级激活/AI 入口/横向溢出已核查"
"HASH-055","检验工作台","lab-workbench","EXPLICIT","FR-043;AC-043;SCR-025","VERIFIED","default;loading;empty;partial;permission;offline;timeout;duplicate;verification;hard-block;success;compensation","screens/lab-workbench.png","诊疗执行；A 临床可信蓝；中文标题/唯一一级激活/AI 入口/横向溢出已核查"
"HASH-056","病理科工作台","pathology-workbench","EXPLICIT","FR-126;AC-126;SCR-104","VERIFIED","default;loading;empty;partial;permission;offline;timeout;duplicate;verification;hard-block;success;compensation","screens/pathology-workbench.png","诊疗执行；A 临床可信蓝；中文标题/唯一一级激活/AI 入口/横向溢出已核查"
"HASH-057","检查影像工作台","imaging-workbench","EXPLICIT","FR-044;AC-044;SCR-026","VERIFIED","default;loading;empty;partial;permission;offline;timeout;duplicate;verification;hard-block;success;compensation","screens/imaging-workbench.png","诊疗执行；A 临床可信蓝；中文标题/唯一一级激活/AI 入口/横向溢出已核查"
"HASH-058","一般治疗工作台","therapy-workbench","EXPLICIT","FR-045;AC-045;SCR-027","VERIFIED","default;loading;empty;partial;permission;offline;timeout;duplicate;verification;hard-block;success;compensation","screens/therapy-workbench.png","诊疗执行；A 临床可信蓝；中文标题/唯一一级激活/AI 入口/横向溢出已核查"
"HASH-059","围手术期排程与安全核查","surgery-schedule","EXPLICIT","FR-046;AC-046;SCR-028","VERIFIED","default;loading;empty;partial;permission;offline;timeout;duplicate;verification;hard-block;success;compensation","screens/surgery-schedule.png","诊疗执行；A 临床可信蓝；中文标题/唯一一级激活/AI 入口/横向溢出已核查"
"HASH-060","麻醉时间轴与复苏","anesthesia-workbench","EXPLICIT","FR-047;AC-047;SCR-029","VERIFIED","default;loading;empty;partial;permission;offline;timeout;duplicate;verification;hard-block;success;compensation","screens/anesthesia-workbench.png","诊疗执行；A 临床可信蓝；中文标题/唯一一级激活/AI 入口/横向溢出已核查"
"HASH-061","监护绑定、趋势与告警","device-monitoring","EXPLICIT","FR-048;AC-048;SCR-030","VERIFIED","default;loading;empty;partial;permission;offline;timeout;duplicate;verification;hard-block;success;compensation","screens/device-monitoring.png","诊疗执行；A 临床可信蓝；中文标题/唯一一级激活/AI 入口/横向溢出已核查"
"HASH-062","输血全链工作台","transfusion","EXPLICIT","FR-049;AC-049;SCR-031","VERIFIED","default;loading;empty;partial;permission;offline;timeout;duplicate;verification;hard-block;success;compensation","screens/transfusion.png","诊疗执行；A 临床可信蓝；中文标题/唯一一级激活/AI 入口/横向溢出已核查"
"HASH-063","统一临床任务与临床路径","clinical-tasks","EXPLICIT","FR-051;AC-051;SCR-021;FR-092;AC-092;SCR-071;FR-095;AC-095","VERIFIED","default;loading;empty;partial;permission;offline;timeout;duplicate;verification;hard-block;success;compensation","screens/clinical-tasks.png","诊疗执行；A 临床可信蓝；中文标题/唯一一级激活/AI 入口/横向溢出已核查"
"HASH-064","医疗质量中心","quality-center","EXPLICIT","Prototype SPEC v0.13","VERIFIED","default;loading;empty;partial;stale;permission;timeout;conflict;approval;publishing;failed;rollback;success","screens/quality-center.png","治理与管理；A 临床可信蓝；中文标题/唯一一级激活/AI 入口/横向溢出已核查"
"HASH-065","院科病历质控与整改","department-qc","EXPLICIT","FR-016;AC-016;SCR-032;FR-036;AC-036;FR-061;AC-061","VERIFIED","default;loading;empty;partial;stale;permission;timeout;conflict;approval;publishing;failed;rollback;success","screens/department-qc.png","治理与管理；A 临床可信蓝；中文标题/唯一一级激活/AI 入口/横向溢出已核查"
"HASH-066","医疗质量与电子病历评级看板","quality-rating","EXPLICIT","FR-055;AC-055;SCR-034","VERIFIED","default;loading;empty;partial;stale;permission;timeout;conflict;approval;publishing;failed;rollback;success","screens/quality-rating.png","治理与管理；A 临床可信蓝；中文标题/唯一一级激活/AI 入口/横向溢出已核查"
"HASH-067","院感、传染病与不良事件","infection-events","EXPLICIT","FR-052;AC-052;SCR-035","VERIFIED","default;loading;empty;partial;stale;permission;timeout;conflict;approval;publishing;failed;rollback;success","screens/infection-events.png","治理与管理；A 临床可信蓝；中文标题/唯一一级激活/AI 入口/横向溢出已核查"
"HASH-068","临床资质与医疗授权中心","credentials","EXPLICIT","FR-096;AC-096;SCR-073;FR-097;AC-097","VERIFIED","default;loading;empty;partial;stale;permission;timeout;conflict;approval;publishing;failed;rollback;success","screens/credentials.png","治理与管理；A 临床可信蓝；中文标题/唯一一级激活/AI 入口/横向溢出已核查"
"HASH-069","数据中心","data-center","EXPLICIT","Prototype SPEC v0.13","VERIFIED","default;loading;empty;partial;stale;permission;timeout;conflict;approval;publishing;failed;rollback;success","screens/data-center.png","治理与管理；A 临床可信蓝；中文标题/唯一一级激活/AI 入口/横向溢出已核查"
"HASH-070","外部系统集成与互操作中心","integration","EXPLICIT","FR-102;AC-102;SCR-081/082","VERIFIED","default;loading;empty;partial;stale;permission;timeout;conflict;approval;publishing;failed;rollback;success","screens/integration.png","治理与管理；A 临床可信蓝；中文标题/唯一一级激活/AI 入口/横向溢出已核查"
"HASH-071","连接器目录与能力卡","integration-connectors","EXPLICIT","Prototype SPEC v0.13","VERIFIED","default;loading;empty;partial;stale;permission;timeout;conflict;approval;publishing;failed;rollback;success","screens/integration-connectors.png","治理与管理；A 临床可信蓝；中文标题/唯一一级激活/AI 入口/横向溢出已核查"
"HASH-072","字段映射与集成路由","integration-mapping","EXPLICIT","FR-067;AC-067;SCR-045","VERIFIED","default;loading;empty;partial;stale;permission;timeout;conflict;approval;publishing;failed;rollback;success","screens/integration-mapping.png","治理与管理；A 临床可信蓝；中文标题/唯一一级激活/AI 入口/横向溢出已核查"
"HASH-073","集成消息追踪与业务对账","integration-messages","EXPLICIT","FR-023;AC-023;SCR-036;FR-104;AC-104;SCR-083/084","VERIFIED","default;loading;empty;partial;stale;permission;timeout;conflict;approval;publishing;failed;rollback;success","screens/integration-messages.png","治理与管理；A 临床可信蓝；中文标题/唯一一级激活/AI 入口/横向溢出已核查"
"HASH-074","历史数据迁移与上线切换","migration","EXPLICIT","FR-038;AC-038;SCR-037","VERIFIED","default;loading;empty;partial;stale;permission;timeout;conflict;approval;publishing;failed;rollback;success","screens/migration.png","治理与管理；A 临床可信蓝；中文标题/唯一一级激活/AI 入口/横向溢出已核查"
"HASH-075","全院数据质量与问题工单","data-quality","EXPLICIT","FR-054;AC-054;SCR-038","VERIFIED","default;loading;empty;partial;stale;permission;timeout;conflict;approval;publishing;failed;rollback;success","screens/data-quality.png","治理与管理；A 临床可信蓝；中文标题/唯一一级激活/AI 入口/横向溢出已核查"
"HASH-076","医疗设备目录与接入状态","devices","EXPLICIT","FR-059;AC-059;SCR-039","VERIFIED","default;loading;empty;partial;stale;permission;timeout;conflict;approval;publishing;failed;rollback;success","screens/devices.png","治理与管理；A 临床可信蓝；中文标题/唯一一级激活/AI 入口/横向溢出已核查"
"HASH-077","科研项目与统计中心","research","EXPLICIT","Prototype SPEC v0.13","VERIFIED","default;loading;empty;partial;stale;permission;timeout;conflict;approval;publishing;failed;rollback;success","screens/research.png","治理与管理；A 临床可信蓝；中文标题/唯一一级激活/AI 入口/横向溢出已核查"
"HASH-078","科研队列构建器","cohort-builder","EXPLICIT","FR-106;AC-106;SCR-088/089","VERIFIED","default;loading;empty;partial;stale;permission;timeout;conflict;approval;publishing;failed;rollback;success","screens/cohort-builder.png","治理与管理；A 临床可信蓝；中文标题/唯一一级激活/AI 入口/横向溢出已核查"
"HASH-079","科研统计分析","research-stats","EXPLICIT","Prototype SPEC v0.13","VERIFIED","default;loading;empty;partial;stale;permission;timeout;conflict;approval;publishing;failed;rollback;success","screens/research-stats.png","治理与管理；A 临床可信蓝；中文标题/唯一一级激活/AI 入口/横向溢出已核查"
"HASH-080","科研数据申请与受控交付","research-dataset","EXPLICIT","FR-107;AC-107;SCR-090","VERIFIED","default;loading;empty;partial;stale;permission;timeout;conflict;approval;publishing;failed;rollback;success","screens/research-dataset.png","治理与管理；A 临床可信蓝；中文标题/唯一一级激活/AI 入口/横向溢出已核查"
"HASH-081","ai-center","ai-center","EXPLICIT","Prototype SPEC v0.13","VERIFIED","default;loading;empty;partial;stale;permission;timeout;conflict;approval;publishing;failed;rollback;success","screens/ai-center.png","治理与管理；A 临床可信蓝；中文标题/唯一一级激活/AI 入口/横向溢出已核查"
"HASH-082","AI医助 Eva","ai-assistant","EXPLICIT","FR-031;AC-031;SCR-017;FR-120;AC-120;GLOBAL-AI","VERIFIED","default;loading;empty;partial;stale;permission;timeout;conflict;approval;publishing;failed;rollback;success","screens/ai-assistant.png","治理与管理；A 临床可信蓝；中文标题/唯一一级激活/AI 入口/横向溢出已核查"
"HASH-083","AI 提醒证据详情","ai-reminder-detail","EXPLICIT","FR-121;AC-121;GLOBAL-AI/#ai-reminder-detail","VERIFIED","default;loading;empty;partial;stale;permission;timeout;conflict;approval;publishing;failed;rollback;success","screens/ai-reminder-detail.png","治理与管理；A 临床可信蓝；中文标题/唯一一级激活/AI 入口/横向溢出已核查"
"HASH-084","环境记录与转写审阅","ai-capture","EXPLICIT","FR-122;AC-122;GLOBAL-AI/#ai-capture","VERIFIED","default;loading;empty;partial;stale;permission;timeout;conflict;approval;publishing;failed;rollback;success","screens/ai-capture.png","治理与管理；A 临床可信蓝；中文标题/唯一一级激活/AI 入口/横向溢出已核查"
"HASH-085","AI 候选动作与审批","ai-action-review","EXPLICIT","FR-123;AC-123;#ai-action-review","VERIFIED","default;loading;empty;partial;stale;permission;timeout;conflict;approval;publishing;failed;rollback;success","screens/ai-action-review.png","治理与管理；A 临床可信蓝；中文标题/唯一一级激活/AI 入口/横向溢出已核查"
"HASH-086","AI医助 Eva 工作策略与效果治理","ai-assistant-policy","EXPLICIT","FR-124;AC-124;#ai-assistant-policy","VERIFIED","default;loading;empty;partial;stale;permission;timeout;conflict;approval;publishing;failed;rollback;success","screens/ai-assistant-policy.png","治理与管理；A 临床可信蓝；中文标题/唯一一级激活/AI 入口/横向溢出已核查"
"HASH-087","基座模型目录与路由","models","EXPLICIT","FR-070;AC-070;SCR-048","VERIFIED","default;loading;empty;partial;stale;permission;timeout;conflict;approval;publishing;failed;rollback;success","screens/models.png","治理与管理；A 临床可信蓝；中文标题/唯一一级激活/AI 入口/横向溢出已核查"
"HASH-088","模型连接与数据边界","model-connection","EXPLICIT","FR-071;AC-071;SCR-049","VERIFIED","default;loading;empty;partial;stale;permission;timeout;conflict;approval;publishing;failed;rollback;success","screens/model-connection.png","治理与管理；A 临床可信蓝；中文标题/唯一一级激活/AI 入口/横向溢出已核查"
"HASH-089","模型路由、主备与人工降级","model-routing","EXPLICIT","FR-072;AC-072;SCR-050","VERIFIED","default;loading;empty;partial;stale;permission;timeout;conflict;approval;publishing;failed;rollback;success","screens/model-routing.png","治理与管理；A 临床可信蓝；中文标题/唯一一级激活/AI 入口/横向溢出已核查"
"HASH-090","模型评估、影子、灰度与隔离","model-evaluation","EXPLICIT","FR-073;AC-073;SCR-051","VERIFIED","default;loading;empty;partial;stale;permission;timeout;conflict;approval;publishing;failed;rollback;success","screens/model-evaluation.png","治理与管理；A 临床可信蓝；中文标题/唯一一级激活/AI 入口/横向溢出已核查"
"HASH-091","Agent 目录与定义编辑器","agent-catalog","EXPLICIT","FR-074;AC-074;SCR-052","VERIFIED","default;loading;empty;partial;stale;permission;timeout;conflict;approval;publishing;failed;rollback;success","screens/agent-catalog.png","治理与管理；A 临床可信蓝；中文标题/唯一一级激活/AI 入口/横向溢出已核查"
"HASH-092","Agent 受控运行","agent","EXPLICIT","FR-075;AC-075;SCR-053","VERIFIED","default;loading;empty;partial;stale;permission;timeout;conflict;approval;publishing;failed;rollback;success","screens/agent.png","治理与管理；A 临床可信蓝；中文标题/唯一一级激活/AI 入口/横向溢出已核查"
"HASH-093","Agent 上下文与记忆策略","agent-context","EXPLICIT","FR-076;AC-076;SCR-054","VERIFIED","default;loading;empty;partial;stale;permission;timeout;conflict;approval;publishing;failed;rollback;success","screens/agent-context.png","治理与管理；A 临床可信蓝；中文标题/唯一一级激活/AI 入口/横向溢出已核查"
"HASH-094","Tool 目录、风险与审批策略","tool-catalog","EXPLICIT","FR-077;AC-077;SCR-055","VERIFIED","default;loading;empty;partial;stale;permission;timeout;conflict;approval;publishing;failed;rollback;success","screens/tool-catalog.png","治理与管理；A 临床可信蓝；中文标题/唯一一级激活/AI 入口/横向溢出已核查"
"HASH-095","Skill 目录与定义编辑器","skill-catalog","EXPLICIT","FR-078;AC-078;SCR-056","VERIFIED","default;loading;empty;partial;stale;permission;timeout;conflict;approval;publishing;failed;rollback;success","screens/skill-catalog.png","治理与管理；A 临床可信蓝；中文标题/唯一一级激活/AI 入口/横向溢出已核查"
"HASH-096","Agent、Skill 与 Tool 组合画布","agent-compose","EXPLICIT","FR-079;AC-079;SCR-057","VERIFIED","default;loading;empty;partial;stale;permission;timeout;conflict;approval;publishing;failed;rollback;success","screens/agent-compose.png","治理与管理；A 临床可信蓝；中文标题/唯一一级激活/AI 入口/横向溢出已核查"
"HASH-097","Agent 与 Skill 评估发布中心","agent-evals","EXPLICIT","FR-080;AC-080;SCR-058","VERIFIED","default;loading;empty;partial;stale;permission;timeout;conflict;approval;publishing;failed;rollback;success","screens/agent-evals.png","治理与管理；A 临床可信蓝；中文标题/唯一一级激活/AI 入口/横向溢出已核查"
"HASH-098","AI 运行、预算与事件中心","aiops","EXPLICIT","FR-030;AC-030;SCR-059;FR-081;AC-081","VERIFIED","default;loading;empty;partial;stale;permission;timeout;conflict;approval;publishing;failed;rollback;success","screens/aiops.png","治理与管理；A 临床可信蓝；中文标题/唯一一级激活/AI 入口/横向溢出已核查"
"HASH-099","路径知识库","knowledge-center","EXPLICIT","Prototype SPEC v0.13","PLANNED","default;loading;empty;partial;stale;permission;timeout;conflict;approval;publishing;failed;rollback;success","","治理与管理；A 临床可信蓝；中文标题/唯一一级激活/AI 入口/横向溢出已核查"
"HASH-100","知识图谱","pathway-graph","EXPLICIT","Prototype SPEC v0.13","PLANNED","default;loading;empty;error;permission;offline;conflict;blocked;success;recovery","","通用；A 临床可信蓝；中文标题/唯一一级激活/AI 入口/横向溢出已核查"
"HASH-101","审核队列","pathway-review","EXPLICIT","Prototype SPEC v0.13","PLANNED","default;loading;empty;error;permission;offline;conflict;blocked;success;recovery","","通用；A 临床可信蓝；中文标题/唯一一级激活/AI 入口/横向溢出已核查"
"HASH-102","版本历史","pathway-versions","EXPLICIT","Prototype SPEC v0.13","PLANNED","default;loading;empty;error;permission;offline;conflict;blocked;success;recovery","","通用；A 临床可信蓝；中文标题/唯一一级激活/AI 入口/横向溢出已核查"
"HASH-103","流程与状态设计器","workflow","EXPLICIT","FR-063;AC-063;SCR-041","VERIFIED","default;loading;empty;partial;stale;permission;timeout;conflict;approval;publishing;failed;rollback;success","screens/workflow.png","治理与管理；A 临床可信蓝；中文标题/唯一一级激活/AI 入口/横向溢出已核查"
"HASH-104","机构能力包与继承解析","capability-pack","EXPLICIT","FR-062;AC-062;SCR-040","VERIFIED","default;loading;empty;partial;stale;permission;timeout;conflict;approval;publishing;failed;rollback;success","screens/capability-pack.png","治理与管理；A 临床可信蓝；中文标题/唯一一级激活/AI 入口/横向溢出已核查"
"HASH-105","科室适配与上线门禁","specialty-coverage","EXPLICIT","FR-093;AC-093;SCR-073;FR-125;AC-125;SCR-103","VERIFIED","default;loading;empty;partial;stale;permission;timeout;conflict;approval;publishing;failed;rollback;success","screens/specialty-coverage.png","治理与管理；A 临床可信蓝；中文标题/唯一一级激活/AI 入口/横向溢出已核查"
"HASH-106","表单与病历模板设计器","form-designer","EXPLICIT","FR-064;AC-064;SCR-042","VERIFIED","default;loading;empty;partial;stale;permission;timeout;conflict;approval;publishing;failed;rollback;success","screens/form-designer.png","治理与管理；A 临床可信蓝；中文标题/唯一一级激活/AI 入口/横向溢出已核查"
"HASH-107","规则、时限与提示中心","rule-center","EXPLICIT","FR-056;AC-056;SCR-043;FR-065;AC-065","VERIFIED","default;loading;empty;partial;stale;permission;timeout;conflict;approval;publishing;failed;rollback;success","screens/rule-center.png","治理与管理；A 临床可信蓝；中文标题/唯一一级激活/AI 入口/横向溢出已核查"
"HASH-108","角色、职责与数据范围设计","scope-designer","EXPLICIT","FR-066;AC-066;SCR-044","VERIFIED","default;loading;empty;partial;stale;permission;timeout;conflict;approval;publishing;failed;rollback;success","screens/scope-designer.png","治理与管理；A 临床可信蓝；中文标题/唯一一级激活/AI 入口/横向溢出已核查"
"HASH-109","配置差异、验证、审批与发布","config-release","EXPLICIT","FR-068;AC-068;SCR-046","VERIFIED","default;loading;empty;partial;stale;permission;timeout;conflict;approval;publishing;failed;rollback;success","screens/config-release.png","治理与管理；A 临床可信蓝；中文标题/唯一一级激活/AI 入口/横向溢出已核查"
"HASH-110","配置包与产品升级冲突中心","config-upgrade","EXPLICIT","FR-069;AC-069;SCR-047","VERIFIED","default;loading;empty;partial;stale;permission;timeout;conflict;approval;publishing;failed;rollback;success","screens/config-upgrade.png","治理与管理；A 临床可信蓝；中文标题/唯一一级激活/AI 入口/横向溢出已核查"
"HASH-111","安装向导与首次健康检查","install","EXPLICIT","FR-025;AC-025;SCR-060","VERIFIED","default;loading;empty;partial;stale;permission;timeout;conflict;approval;publishing;failed;rollback;success","screens/install.png","治理与管理；A 临床可信蓝；中文标题/唯一一级激活/AI 入口/横向溢出已核查"
"HASH-112","备份、恢复与完整性报告","backup","EXPLICIT","FR-026;AC-026;SCR-061","VERIFIED","default;loading;empty;partial;stale;permission;timeout;conflict;approval;publishing;failed;rollback;success","screens/backup.png","治理与管理；A 临床可信蓝；中文标题/唯一一级激活/AI 入口/横向溢出已核查"
"HASH-113","生产运行、灾备与停机续运","operations","EXPLICIT","FR-057;AC-057;SCR-062;FR-058;AC-058","VERIFIED","default;loading;empty;partial;stale;permission;timeout;conflict;approval;publishing;failed;rollback;success","screens/operations.png","治理与管理；A 临床可信蓝；中文标题/唯一一级激活/AI 入口/横向溢出已核查"
"HASH-114","Release 门禁与制品发布","release-gates","EXPLICIT","FR-028;AC-028;SCR-063","VERIFIED","default;loading;empty;partial;stale;permission;timeout;conflict;approval;publishing;failed;rollback;success","screens/release-gates.png","治理与管理；A 临床可信蓝；中文标题/唯一一级激活/AI 入口/横向溢出已核查"
"HASH-115","开源指标、文档与贡献入口","opensource","EXPLICIT","FR-027;AC-027;SCR-064;FR-029;AC-029","VERIFIED","default;loading;empty;partial;stale;permission;timeout;conflict;approval;publishing;failed;rollback;success","screens/opensource.png","治理与管理；A 临床可信蓝；中文标题/唯一一级激活/AI 入口/横向溢出已核查"
"HASH-116","系统管理工作台","admin","EXPLICIT","FR-108;AC-108;SCR-091","VERIFIED","default;loading;empty;partial;stale;permission;timeout;conflict;approval;publishing;failed;rollback;success","screens/admin.png","治理与管理；A 临床可信蓝；中文标题/唯一一级激活/AI 入口/横向溢出已核查"
"HASH-117","组织机构与工作单元","admin-org","EXPLICIT","FR-001;AC-001;SCR-007;FR-109;AC-109;SCR-092","VERIFIED","default;loading;empty;partial;stale;permission;timeout;conflict;approval;publishing;failed;rollback;success","screens/admin-org.png","治理与管理；A 临床可信蓝；中文标题/唯一一级激活/AI 入口/横向溢出已核查"
"HASH-118","用户、人员与账户管理","admin-users","EXPLICIT","FR-002;AC-002;SCR-007;FR-110;AC-110;SCR-093","VERIFIED","default;loading;empty;partial;stale;permission;timeout;conflict;approval;publishing;failed;rollback;success","screens/admin-users.png","治理与管理；A 临床可信蓝；中文标题/唯一一级激活/AI 入口/横向溢出已核查"
"HASH-119","角色、工作组与职责分离","admin-roles","EXPLICIT","FR-111;AC-111;SCR-094","VERIFIED","default;loading;empty;partial;stale;permission;timeout;conflict;approval;publishing;failed;rollback;success","screens/admin-roles.png","治理与管理；A 临床可信蓝；中文标题/唯一一级激活/AI 入口/横向溢出已核查"
"HASH-120","权限策略与访问模拟","admin-permissions","EXPLICIT","FR-003;AC-003;SCR-008;FR-112;AC-112;SCR-095","VERIFIED","default;loading;empty;partial;stale;permission;timeout;conflict;approval;publishing;failed;rollback;success","screens/admin-permissions.png","治理与管理；A 临床可信蓝；中文标题/唯一一级激活/AI 入口/横向溢出已核查"
"HASH-121","认证与账户安全策略","admin-auth","EXPLICIT","FR-113;AC-113;SCR-096","VERIFIED","default;loading;empty;partial;stale;permission;timeout;conflict;approval;publishing;failed;rollback;success","screens/admin-auth.png","治理与管理；A 临床可信蓝；中文标题/唯一一级激活/AI 入口/横向溢出已核查"
"HASH-122","字典、术语与值集中心","admin-dictionaries","EXPLICIT","FR-008;AC-008;SCR-009;FR-114;AC-114;SCR-097","VERIFIED","default;loading;empty;partial;stale;permission;timeout;conflict;approval;publishing;failed;rollback;success","screens/admin-dictionaries.png","治理与管理；A 临床可信蓝；中文标题/唯一一级激活/AI 入口/横向溢出已核查"
"HASH-123","医院主数据管理","admin-master-data","EXPLICIT","FR-024;AC-024;SCR-009;FR-115;AC-115;SCR-098","VERIFIED","default;loading;empty;partial;stale;permission;timeout;conflict;approval;publishing;failed;rollback;success","screens/admin-master-data.png","治理与管理；A 临床可信蓝；中文标题/唯一一级激活/AI 入口/横向溢出已核查"
"HASH-124","模板、编号与输出管理","admin-templates","EXPLICIT","FR-116;AC-116;SCR-099","VERIFIED","default;loading;empty;partial;stale;permission;timeout;conflict;approval;publishing;failed;rollback;success","screens/admin-templates.png","治理与管理；A 临床可信蓝；中文标题/唯一一级激活/AI 入口/横向溢出已核查"
"HASH-125","系统参数与功能开关","admin-parameters","EXPLICIT","FR-117;AC-117;SCR-100","VERIFIED","default;loading;empty;partial;stale;permission;timeout;conflict;approval;publishing;failed;rollback;success","screens/admin-parameters.png","治理与管理；A 临床可信蓝；中文标题/唯一一级激活/AI 入口/横向溢出已核查"
"HASH-126","通知、调度与批量任务","admin-jobs","EXPLICIT","FR-118;AC-118;SCR-101","VERIFIED","default;loading;empty;partial;stale;permission;timeout;conflict;approval;publishing;failed;rollback;success","screens/admin-jobs.png","治理与管理；A 临床可信蓝；中文标题/唯一一级激活/AI 入口/横向溢出已核查"
"HASH-127","管理审计与权限复核","admin-audit","EXPLICIT","FR-017;AC-017;SCR-010;FR-119;AC-119;SCR-102","VERIFIED","default;loading;empty;partial;stale;permission;timeout;conflict;approval;publishing;failed;rollback;success","screens/admin-audit.png","治理与管理；A 临床可信蓝；中文标题/唯一一级激活/AI 入口/横向溢出已核查"
"HASH-128","核心专科工作台","specialty-center","EXPLICIT","Prototype SPEC v0.13","VERIFIED","default;loading;empty;partial;permission;offline;device-offline;identity-or-site-conflict;hard-block;success;recovery","screens/specialty-center.png","核心专科；A 临床可信蓝；中文标题/唯一一级激活/AI 入口/横向溢出已核查"
"HASH-129","妇产科工作台","obgyn-workbench","EXPLICIT","FR-129;AC-129;SCR-106–109/SCR-146–148","VERIFIED","default;loading;empty;partial;permission;offline;device-offline;identity-or-site-conflict;hard-block;success;recovery","screens/obgyn-workbench.png","核心专科；A 临床可信蓝；中文标题/唯一一级激活/AI 入口/横向溢出已核查"
"HASH-130","妇产科专科病历","obgyn-record","EXPLICIT","Prototype SPEC v0.13","VERIFIED","default;loading;empty;partial;permission;offline;device-offline;identity-or-site-conflict;hard-block;success;recovery","screens/obgyn-record.png","核心专科；A 临床可信蓝；中文标题/唯一一级激活/AI 入口/横向溢出已核查"
"HASH-131","妇产科检查、设备与来源证据","obgyn-evidence","EXPLICIT","Prototype SPEC v0.13","VERIFIED","default;loading;empty;partial;permission;offline;device-offline;identity-or-site-conflict;hard-block;success;recovery","screens/obgyn-evidence.png","核心专科；A 临床可信蓝；中文标题/唯一一级激活/AI 入口/横向溢出已核查"
"HASH-132","妇产科诊疗执行中心","obgyn-treatment","EXPLICIT","Prototype SPEC v0.13","VERIFIED","default;loading;empty;partial;permission;offline;device-offline;identity-or-site-conflict;hard-block;success;recovery","screens/obgyn-treatment.png","核心专科；A 临床可信蓝；中文标题/唯一一级激活/AI 入口/横向溢出已核查"
"HASH-133","妇产科关键诊疗流程","obgyn-care","EXPLICIT","Prototype SPEC v0.13","VERIFIED","default;loading;empty;partial;permission;offline;device-offline;identity-or-site-conflict;hard-block;success;recovery","screens/obgyn-care.png","核心专科；A 临床可信蓝；中文标题/唯一一级激活/AI 入口/横向溢出已核查"
"HASH-134","妇产科随访、转诊与交接","obgyn-followup","EXPLICIT","Prototype SPEC v0.13","VERIFIED","default;loading;empty;partial;permission;offline;device-offline;identity-or-site-conflict;hard-block;success;recovery","screens/obgyn-followup.png","核心专科；A 临床可信蓝；中文标题/唯一一级激活/AI 入口/横向溢出已核查"
"HASH-135","妇产科质控与安全","obgyn-qc","EXPLICIT","Prototype SPEC v0.13","VERIFIED","default;loading;empty;partial;permission;offline;device-offline;identity-or-site-conflict;hard-block;success;recovery","screens/obgyn-qc.png","核心专科；A 临床可信蓝；中文标题/唯一一级激活/AI 入口/横向溢出已核查"
"HASH-136","生殖医学工作台","reproductive-workbench","EXPLICIT","FR-130;AC-130;SCR-110–113/SCR-149–151","VERIFIED","default;loading;empty;partial;permission;offline;device-offline;identity-or-site-conflict;hard-block;success;recovery","screens/reproductive-workbench.png","核心专科；A 临床可信蓝；中文标题/唯一一级激活/AI 入口/横向溢出已核查"
"HASH-137","生殖医学专科病历","reproductive-record","EXPLICIT","Prototype SPEC v0.13","VERIFIED","default;loading;empty;partial;permission;offline;device-offline;identity-or-site-conflict;hard-block;success;recovery","screens/reproductive-record.png","核心专科；A 临床可信蓝；中文标题/唯一一级激活/AI 入口/横向溢出已核查"
"HASH-138","生殖医学检查、设备与来源证据","reproductive-evidence","EXPLICIT","Prototype SPEC v0.13","VERIFIED","default;loading;empty;partial;permission;offline;device-offline;identity-or-site-conflict;hard-block;success;recovery","screens/reproductive-evidence.png","核心专科；A 临床可信蓝；中文标题/唯一一级激活/AI 入口/横向溢出已核查"
"HASH-139","生殖医学诊疗执行中心","reproductive-treatment","EXPLICIT","Prototype SPEC v0.13","VERIFIED","default;loading;empty;partial;permission;offline;device-offline;identity-or-site-conflict;hard-block;success;recovery","screens/reproductive-treatment.png","核心专科；A 临床可信蓝；中文标题/唯一一级激活/AI 入口/横向溢出已核查"
"HASH-140","生殖医学关键诊疗流程","reproductive-care","EXPLICIT","Prototype SPEC v0.13","VERIFIED","default;loading;empty;partial;permission;offline;device-offline;identity-or-site-conflict;hard-block;success;recovery","screens/reproductive-care.png","核心专科；A 临床可信蓝；中文标题/唯一一级激活/AI 入口/横向溢出已核查"
"HASH-141","生殖医学随访、转诊与交接","reproductive-followup","EXPLICIT","Prototype SPEC v0.13","VERIFIED","default;loading;empty;partial;permission;offline;device-offline;identity-or-site-conflict;hard-block;success;recovery","screens/reproductive-followup.png","核心专科；A 临床可信蓝；中文标题/唯一一级激活/AI 入口/横向溢出已核查"
"HASH-142","生殖医学质控与安全","reproductive-qc","EXPLICIT","Prototype SPEC v0.13","VERIFIED","default;loading;empty;partial;permission;offline;device-offline;identity-or-site-conflict;hard-block;success;recovery","screens/reproductive-qc.png","核心专科；A 临床可信蓝；中文标题/唯一一级激活/AI 入口/横向溢出已核查"
"HASH-143","儿科工作台","pediatrics-workbench","EXPLICIT","FR-131;AC-131;SCR-114–117/SCR-152–154","VERIFIED","default;loading;empty;partial;permission;offline;device-offline;identity-or-site-conflict;hard-block;success;recovery","screens/pediatrics-workbench.png","核心专科；A 临床可信蓝；中文标题/唯一一级激活/AI 入口/横向溢出已核查"
"HASH-144","儿科专科病历","pediatrics-record","EXPLICIT","Prototype SPEC v0.13","VERIFIED","default;loading;empty;partial;permission;offline;device-offline;identity-or-site-conflict;hard-block;success;recovery","screens/pediatrics-record.png","核心专科；A 临床可信蓝；中文标题/唯一一级激活/AI 入口/横向溢出已核查"
"HASH-145","儿科检查、设备与来源证据","pediatrics-evidence","EXPLICIT","Prototype SPEC v0.13","VERIFIED","default;loading;empty;partial;permission;offline;device-offline;identity-or-site-conflict;hard-block;success;recovery","screens/pediatrics-evidence.png","核心专科；A 临床可信蓝；中文标题/唯一一级激活/AI 入口/横向溢出已核查"
"HASH-146","儿科诊疗执行中心","pediatrics-treatment","EXPLICIT","Prototype SPEC v0.13","VERIFIED","default;loading;empty;partial;permission;offline;device-offline;identity-or-site-conflict;hard-block;success;recovery","screens/pediatrics-treatment.png","核心专科；A 临床可信蓝；中文标题/唯一一级激活/AI 入口/横向溢出已核查"
"HASH-147","儿科关键诊疗流程","pediatrics-care","EXPLICIT","Prototype SPEC v0.13","VERIFIED","default;loading;empty;partial;permission;offline;device-offline;identity-or-site-conflict;hard-block;success;recovery","screens/pediatrics-care.png","核心专科；A 临床可信蓝；中文标题/唯一一级激活/AI 入口/横向溢出已核查"
"HASH-148","儿科随访、转诊与交接","pediatrics-followup","EXPLICIT","Prototype SPEC v0.13","VERIFIED","default;loading;empty;partial;permission;offline;device-offline;identity-or-site-conflict;hard-block;success;recovery","screens/pediatrics-followup.png","核心专科；A 临床可信蓝；中文标题/唯一一级激活/AI 入口/横向溢出已核查"
"HASH-149","儿科质控与安全","pediatrics-qc","EXPLICIT","Prototype SPEC v0.13","VERIFIED","default;loading;empty;partial;permission;offline;device-offline;identity-or-site-conflict;hard-block;success;recovery","screens/pediatrics-qc.png","核心专科；A 临床可信蓝；中文标题/唯一一级激活/AI 入口/横向溢出已核查"
"HASH-150","新生儿科工作台","neonatal-workbench","EXPLICIT","FR-132;AC-132;SCR-118–121/SCR-155–157","VERIFIED","default;loading;empty;partial;permission;offline;device-offline;identity-or-site-conflict;hard-block;success;recovery","screens/neonatal-workbench.png","核心专科；A 临床可信蓝；中文标题/唯一一级激活/AI 入口/横向溢出已核查"
"HASH-151","新生儿科专科病历","neonatal-record","EXPLICIT","Prototype SPEC v0.13","VERIFIED","default;loading;empty;partial;permission;offline;device-offline;identity-or-site-conflict;hard-block;success;recovery","screens/neonatal-record.png","核心专科；A 临床可信蓝；中文标题/唯一一级激活/AI 入口/横向溢出已核查"
"HASH-152","新生儿科检查、设备与来源证据","neonatal-evidence","EXPLICIT","Prototype SPEC v0.13","VERIFIED","default;loading;empty;partial;permission;offline;device-offline;identity-or-site-conflict;hard-block;success;recovery","screens/neonatal-evidence.png","核心专科；A 临床可信蓝；中文标题/唯一一级激活/AI 入口/横向溢出已核查"
"HASH-153","新生儿科诊疗执行中心","neonatal-treatment","EXPLICIT","Prototype SPEC v0.13","VERIFIED","default;loading;empty;partial;permission;offline;device-offline;identity-or-site-conflict;hard-block;success;recovery","screens/neonatal-treatment.png","核心专科；A 临床可信蓝；中文标题/唯一一级激活/AI 入口/横向溢出已核查"
"HASH-154","新生儿科关键诊疗流程","neonatal-care","EXPLICIT","Prototype SPEC v0.13","VERIFIED","default;loading;empty;partial;permission;offline;device-offline;identity-or-site-conflict;hard-block;success;recovery","screens/neonatal-care.png","核心专科；A 临床可信蓝；中文标题/唯一一级激活/AI 入口/横向溢出已核查"
"HASH-155","新生儿科随访、转诊与交接","neonatal-followup","EXPLICIT","Prototype SPEC v0.13","VERIFIED","default;loading;empty;partial;permission;offline;device-offline;identity-or-site-conflict;hard-block;success;recovery","screens/neonatal-followup.png","核心专科；A 临床可信蓝；中文标题/唯一一级激活/AI 入口/横向溢出已核查"
"HASH-156","新生儿科质控与安全","neonatal-qc","EXPLICIT","Prototype SPEC v0.13","VERIFIED","default;loading;empty;partial;permission;offline;device-offline;identity-or-site-conflict;hard-block;success;recovery","screens/neonatal-qc.png","核心专科；A 临床可信蓝；中文标题/唯一一级激活/AI 入口/横向溢出已核查"
"HASH-157","精神心理科工作台","mental-workbench","EXPLICIT","FR-133;AC-133;SCR-122–125/SCR-158–160","VERIFIED","default;loading;empty;partial;permission;offline;device-offline;identity-or-site-conflict;hard-block;success;recovery","screens/mental-workbench.png","核心专科；A 临床可信蓝；中文标题/唯一一级激活/AI 入口/横向溢出已核查"
"HASH-158","精神心理科专科病历","mental-record","EXPLICIT","Prototype SPEC v0.13","VERIFIED","default;loading;empty;partial;permission;offline;device-offline;identity-or-site-conflict;hard-block;success;recovery","screens/mental-record.png","核心专科；A 临床可信蓝；中文标题/唯一一级激活/AI 入口/横向溢出已核查"
"HASH-159","精神心理科检查、设备与来源证据","mental-evidence","EXPLICIT","Prototype SPEC v0.13","VERIFIED","default;loading;empty;partial;permission;offline;device-offline;identity-or-site-conflict;hard-block;success;recovery","screens/mental-evidence.png","核心专科；A 临床可信蓝；中文标题/唯一一级激活/AI 入口/横向溢出已核查"
"HASH-160","精神心理科诊疗执行中心","mental-treatment","EXPLICIT","Prototype SPEC v0.13","VERIFIED","default;loading;empty;partial;permission;offline;device-offline;identity-or-site-conflict;hard-block;success;recovery","screens/mental-treatment.png","核心专科；A 临床可信蓝；中文标题/唯一一级激活/AI 入口/横向溢出已核查"
"HASH-161","精神心理科关键诊疗流程","mental-care","EXPLICIT","Prototype SPEC v0.13","VERIFIED","default;loading;empty;partial;permission;offline;device-offline;identity-or-site-conflict;hard-block;success;recovery","screens/mental-care.png","核心专科；A 临床可信蓝；中文标题/唯一一级激活/AI 入口/横向溢出已核查"
"HASH-162","精神心理科随访、转诊与交接","mental-followup","EXPLICIT","Prototype SPEC v0.13","VERIFIED","default;loading;empty;partial;permission;offline;device-offline;identity-or-site-conflict;hard-block;success;recovery","screens/mental-followup.png","核心专科；A 临床可信蓝；中文标题/唯一一级激活/AI 入口/横向溢出已核查"
"HASH-163","精神心理科质控与安全","mental-qc","EXPLICIT","Prototype SPEC v0.13","VERIFIED","default;loading;empty;partial;permission;offline;device-offline;identity-or-site-conflict;hard-block;success;recovery","screens/mental-qc.png","核心专科；A 临床可信蓝；中文标题/唯一一级激活/AI 入口/横向溢出已核查"
"HASH-164","眼科工作台","ophthalmology-workbench","EXPLICIT","FR-134;AC-134;SCR-126–129/SCR-161–163","VERIFIED","default;loading;empty;partial;permission;offline;device-offline;identity-or-site-conflict;hard-block;success;recovery","screens/ophthalmology-workbench.png","核心专科；A 临床可信蓝；中文标题/唯一一级激活/AI 入口/横向溢出已核查"
"HASH-165","眼科专科病历","ophthalmology-record","EXPLICIT","Prototype SPEC v0.13","VERIFIED","default;loading;empty;partial;permission;offline;device-offline;identity-or-site-conflict;hard-block;success;recovery","screens/ophthalmology-record.png","核心专科；A 临床可信蓝；中文标题/唯一一级激活/AI 入口/横向溢出已核查"
"HASH-166","眼科检查、设备与来源证据","ophthalmology-evidence","EXPLICIT","Prototype SPEC v0.13","VERIFIED","default;loading;empty;partial;permission;offline;device-offline;identity-or-site-conflict;hard-block;success;recovery","screens/ophthalmology-evidence.png","核心专科；A 临床可信蓝；中文标题/唯一一级激活/AI 入口/横向溢出已核查"
"HASH-167","眼科诊疗执行中心","ophthalmology-treatment","EXPLICIT","Prototype SPEC v0.13","VERIFIED","default;loading;empty;partial;permission;offline;device-offline;identity-or-site-conflict;hard-block;success;recovery","screens/ophthalmology-treatment.png","核心专科；A 临床可信蓝；中文标题/唯一一级激活/AI 入口/横向溢出已核查"
"HASH-168","眼科关键诊疗流程","ophthalmology-care","EXPLICIT","Prototype SPEC v0.13","VERIFIED","default;loading;empty;partial;permission;offline;device-offline;identity-or-site-conflict;hard-block;success;recovery","screens/ophthalmology-care.png","核心专科；A 临床可信蓝；中文标题/唯一一级激活/AI 入口/横向溢出已核查"
"HASH-169","眼科随访、转诊与交接","ophthalmology-followup","EXPLICIT","Prototype SPEC v0.13","VERIFIED","default;loading;empty;partial;permission;offline;device-offline;identity-or-site-conflict;hard-block;success;recovery","screens/ophthalmology-followup.png","核心专科；A 临床可信蓝；中文标题/唯一一级激活/AI 入口/横向溢出已核查"
"HASH-170","眼科质控与安全","ophthalmology-qc","EXPLICIT","Prototype SPEC v0.13","VERIFIED","default;loading;empty;partial;permission;offline;device-offline;identity-or-site-conflict;hard-block;success;recovery","screens/ophthalmology-qc.png","核心专科；A 临床可信蓝；中文标题/唯一一级激活/AI 入口/横向溢出已核查"
"HASH-171","耳鼻咽喉科工作台","ent-workbench","EXPLICIT","FR-135;AC-135;SCR-130–133/SCR-164–166","VERIFIED","default;loading;empty;partial;permission;offline;device-offline;identity-or-site-conflict;hard-block;success;recovery","screens/ent-workbench.png","核心专科；A 临床可信蓝；中文标题/唯一一级激活/AI 入口/横向溢出已核查"
"HASH-172","耳鼻咽喉科专科病历","ent-record","EXPLICIT","Prototype SPEC v0.13","VERIFIED","default;loading;empty;partial;permission;offline;device-offline;identity-or-site-conflict;hard-block;success;recovery","screens/ent-record.png","核心专科；A 临床可信蓝；中文标题/唯一一级激活/AI 入口/横向溢出已核查"
"HASH-173","耳鼻咽喉科检查、设备与来源证据","ent-evidence","EXPLICIT","Prototype SPEC v0.13","VERIFIED","default;loading;empty;partial;permission;offline;device-offline;identity-or-site-conflict;hard-block;success;recovery","screens/ent-evidence.png","核心专科；A 临床可信蓝；中文标题/唯一一级激活/AI 入口/横向溢出已核查"
"HASH-174","耳鼻咽喉科诊疗执行中心","ent-treatment","EXPLICIT","Prototype SPEC v0.13","VERIFIED","default;loading;empty;partial;permission;offline;device-offline;identity-or-site-conflict;hard-block;success;recovery","screens/ent-treatment.png","核心专科；A 临床可信蓝；中文标题/唯一一级激活/AI 入口/横向溢出已核查"
"HASH-175","耳鼻咽喉科关键诊疗流程","ent-care","EXPLICIT","Prototype SPEC v0.13","VERIFIED","default;loading;empty;partial;permission;offline;device-offline;identity-or-site-conflict;hard-block;success;recovery","screens/ent-care.png","核心专科；A 临床可信蓝；中文标题/唯一一级激活/AI 入口/横向溢出已核查"
"HASH-176","耳鼻咽喉科随访、转诊与交接","ent-followup","EXPLICIT","Prototype SPEC v0.13","VERIFIED","default;loading;empty;partial;permission;offline;device-offline;identity-or-site-conflict;hard-block;success;recovery","screens/ent-followup.png","核心专科；A 临床可信蓝；中文标题/唯一一级激活/AI 入口/横向溢出已核查"
"HASH-177","耳鼻咽喉科质控与安全","ent-qc","EXPLICIT","Prototype SPEC v0.13","VERIFIED","default;loading;empty;partial;permission;offline;device-offline;identity-or-site-conflict;hard-block;success;recovery","screens/ent-qc.png","核心专科；A 临床可信蓝；中文标题/唯一一级激活/AI 入口/横向溢出已核查"
"HASH-178","口腔科工作台","dental-workbench","EXPLICIT","FR-136;AC-136;SCR-134–137/SCR-167–169","VERIFIED","default;loading;empty;partial;permission;offline;device-offline;identity-or-site-conflict;hard-block;success;recovery","screens/dental-workbench.png","核心专科；A 临床可信蓝；中文标题/唯一一级激活/AI 入口/横向溢出已核查"
"HASH-179","口腔科专科病历","dental-record","EXPLICIT","Prototype SPEC v0.13","VERIFIED","default;loading;empty;partial;permission;offline;device-offline;identity-or-site-conflict;hard-block;success;recovery","screens/dental-record.png","核心专科；A 临床可信蓝；中文标题/唯一一级激活/AI 入口/横向溢出已核查"
"HASH-180","口腔科检查、设备与来源证据","dental-evidence","EXPLICIT","Prototype SPEC v0.13","VERIFIED","default;loading;empty;partial;permission;offline;device-offline;identity-or-site-conflict;hard-block;success;recovery","screens/dental-evidence.png","核心专科；A 临床可信蓝；中文标题/唯一一级激活/AI 入口/横向溢出已核查"
"HASH-181","口腔科诊疗执行中心","dental-treatment","EXPLICIT","Prototype SPEC v0.13","VERIFIED","default;loading;empty;partial;permission;offline;device-offline;identity-or-site-conflict;hard-block;success;recovery","screens/dental-treatment.png","核心专科；A 临床可信蓝；中文标题/唯一一级激活/AI 入口/横向溢出已核查"
"HASH-182","口腔科关键诊疗流程","dental-care","EXPLICIT","Prototype SPEC v0.13","VERIFIED","default;loading;empty;partial;permission;offline;device-offline;identity-or-site-conflict;hard-block;success;recovery","screens/dental-care.png","核心专科；A 临床可信蓝；中文标题/唯一一级激活/AI 入口/横向溢出已核查"
"HASH-183","口腔科随访、转诊与交接","dental-followup","EXPLICIT","Prototype SPEC v0.13","VERIFIED","default;loading;empty;partial;permission;offline;device-offline;identity-or-site-conflict;hard-block;success;recovery","screens/dental-followup.png","核心专科；A 临床可信蓝；中文标题/唯一一级激活/AI 入口/横向溢出已核查"
"HASH-184","口腔科质控与安全","dental-qc","EXPLICIT","Prototype SPEC v0.13","VERIFIED","default;loading;empty;partial;permission;offline;device-offline;identity-or-site-conflict;hard-block;success;recovery","screens/dental-qc.png","核心专科；A 临床可信蓝；中文标题/唯一一级激活/AI 入口/横向溢出已核查"
"HASH-185","皮肤科工作台","dermatology-workbench","EXPLICIT","FR-137;AC-137;SCR-138–141/SCR-170–172","VERIFIED","default;loading;empty;partial;permission;offline;device-offline;identity-or-site-conflict;hard-block;success;recovery","screens/dermatology-workbench.png","核心专科；A 临床可信蓝；中文标题/唯一一级激活/AI 入口/横向溢出已核查"
"HASH-186","皮肤科专科病历","dermatology-record","EXPLICIT","Prototype SPEC v0.13","VERIFIED","default;loading;empty;partial;permission;offline;device-offline;identity-or-site-conflict;hard-block;success;recovery","screens/dermatology-record.png","核心专科；A 临床可信蓝；中文标题/唯一一级激活/AI 入口/横向溢出已核查"
"HASH-187","皮肤科检查、设备与来源证据","dermatology-evidence","EXPLICIT","Prototype SPEC v0.13","VERIFIED","default;loading;empty;partial;permission;offline;device-offline;identity-or-site-conflict;hard-block;success;recovery","screens/dermatology-evidence.png","核心专科；A 临床可信蓝；中文标题/唯一一级激活/AI 入口/横向溢出已核查"
"HASH-188","皮肤科诊疗执行中心","dermatology-treatment","EXPLICIT","Prototype SPEC v0.13","VERIFIED","default;loading;empty;partial;permission;offline;device-offline;identity-or-site-conflict;hard-block;success;recovery","screens/dermatology-treatment.png","核心专科；A 临床可信蓝；中文标题/唯一一级激活/AI 入口/横向溢出已核查"
"HASH-189","皮肤科关键诊疗流程","dermatology-care","EXPLICIT","Prototype SPEC v0.13","VERIFIED","default;loading;empty;partial;permission;offline;device-offline;identity-or-site-conflict;hard-block;success;recovery","screens/dermatology-care.png","核心专科；A 临床可信蓝；中文标题/唯一一级激活/AI 入口/横向溢出已核查"
"HASH-190","皮肤科随访、转诊与交接","dermatology-followup","EXPLICIT","Prototype SPEC v0.13","VERIFIED","default;loading;empty;partial;permission;offline;device-offline;identity-or-site-conflict;hard-block;success;recovery","screens/dermatology-followup.png","核心专科；A 临床可信蓝；中文标题/唯一一级激活/AI 入口/横向溢出已核查"
"HASH-191","皮肤科质控与安全","dermatology-qc","EXPLICIT","Prototype SPEC v0.13","VERIFIED","default;loading;empty;partial;permission;offline;device-offline;identity-or-site-conflict;hard-block;success;recovery","screens/dermatology-qc.png","核心专科；A 临床可信蓝；中文标题/唯一一级激活/AI 入口/横向溢出已核查"
"HASH-192","中医科工作台","tcm-workbench","EXPLICIT","FR-138;AC-138;SCR-142–145/SCR-173–175","VERIFIED","default;loading;empty;partial;permission;offline;device-offline;identity-or-site-conflict;hard-block;success;recovery","screens/tcm-workbench.png","核心专科；A 临床可信蓝；中文标题/唯一一级激活/AI 入口/横向溢出已核查"
"HASH-193","中医科专科病历","tcm-record","EXPLICIT","Prototype SPEC v0.13","VERIFIED","default;loading;empty;partial;permission;offline;device-offline;identity-or-site-conflict;hard-block;success;recovery","screens/tcm-record.png","核心专科；A 临床可信蓝；中文标题/唯一一级激活/AI 入口/横向溢出已核查"
"HASH-194","中医科检查、设备与来源证据","tcm-evidence","EXPLICIT","Prototype SPEC v0.13","VERIFIED","default;loading;empty;partial;permission;offline;device-offline;identity-or-site-conflict;hard-block;success;recovery","screens/tcm-evidence.png","核心专科；A 临床可信蓝；中文标题/唯一一级激活/AI 入口/横向溢出已核查"
"HASH-195","中医科诊疗执行中心","tcm-treatment","EXPLICIT","Prototype SPEC v0.13","VERIFIED","default;loading;empty;partial;permission;offline;device-offline;identity-or-site-conflict;hard-block;success;recovery","screens/tcm-treatment.png","核心专科；A 临床可信蓝；中文标题/唯一一级激活/AI 入口/横向溢出已核查"
"HASH-196","中医科关键诊疗流程","tcm-care","EXPLICIT","Prototype SPEC v0.13","VERIFIED","default;loading;empty;partial;permission;offline;device-offline;identity-or-site-conflict;hard-block;success;recovery","screens/tcm-care.png","核心专科；A 临床可信蓝；中文标题/唯一一级激活/AI 入口/横向溢出已核查"
"HASH-197","中医科随访、转诊与交接","tcm-followup","EXPLICIT","Prototype SPEC v0.13","VERIFIED","default;loading;empty;partial;permission;offline;device-offline;identity-or-site-conflict;hard-block;success;recovery","screens/tcm-followup.png","核心专科；A 临床可信蓝；中文标题/唯一一级激活/AI 入口/横向溢出已核查"
"HASH-198","中医科质控与安全","tcm-qc","EXPLICIT","Prototype SPEC v0.13","VERIFIED","default;loading;empty;partial;permission;offline;device-offline;identity-or-site-conflict;hard-block;success;recovery","screens/tcm-qc.png","核心专科；A 临床可信蓝；中文标题/唯一一级激活/AI 入口/横向溢出已核查"
